x_nans,age,gender,income,DOB
-0.7364310772172493,72.0,,46250.0,
-0.7877821636865565,43.0,F,40211.0,1994-05-10
-0.6563519540002513,30.0,F,32587.0,1970-12-29
0.5478076502688674,47.0,F,36051.0,2007-02-01
0.5314124698570342,49.0,,41210.0,2002-01-27
-0.8545998589514264,,,33923.0,1917-07-30
0.413894492685463,55.0,M,48654.0,
-0.08990853505509971,41.0,,,
0.22345921140356353,,,,2012-09-15
,69.0,,,1955-06-09
,63.0,M,46165.0,1926-07-16
0.13017264164340694,32.0,F,35125.0,1967-01-14
-0.8771056361259428,53.0,F,41679.0,
1.2042188325924565,30.0,F,,1969-12-21
,,F,35377.0,1994-07-11
1.3292855592500923,,F,35819.0,1925-05-06
0.16129259774753468,70.0,M,,1946-05-23
0.47699988800265736,38.0,F,35685.0,1983-01-05
-0.06092805863264828,30.0,F,28471.0,
-0.11696468670296283,63.0,,45467.0,1929-03-26
,78.0,M,52208.0,
0.5711024824957273,39.0,,34739.0,
,44.0,F,41107.0,
-2.0062053199247787,,F,37039.0,2014-08-30
,,,,1983-06-15
,,F,,1947-05-04
-0.8951820158303551,,,,1952-04-17
-0.614140393576214,47.0,F,34672.0,1969-05-28
1.814027359549141,,M,43469.0,1962-01-18
,39.0,F,32377.0,1961-08-12
0.22899896990871574,,,47481.0,1963-11-04
0.39584040107454493,32.0,F,33591.0,1934-10-19
-1.8787628922337143,,F,37838.0,
-1.3455083084339559,72.0,M,46081.0,1914-07-06
,,,34781.0,2020-05-23
,37.0,F,30843.0,1986-02-23
-0.25490929727622036,54.0,F,,1948-06-02
1.5512708662498793,,,,
1.819969659411649,70.0,M,49891.0,1954-06-30
-0.8078744507142833,64.0,,45071.0,1971-10-16
0.4076633176242411,,,40759.0,1995-12-04
1.6285313876221768,51.0,,38083.0,1897-11-19
,59.0,M,,1982-05-13
,25.0,F,29050.0,1951-08-22
-0.7214998074453951,58.0,,41936.0,1959-03-16
-0.3994852736932877,,F,,1974-05-24
0.182340978337922,45.0,,39436.0,1940-08-30
2.199791907824634,,M,42651.0,1987-07-30
1.0698038212069267,30.0,F,30979.0,
-0.4897118823789369,,M,43183.0,1984-07-12
-0.26020503239945325,32.0,,,
1.849188596592832,49.0,F,,1924-03-06
0.15723909731707814,34.0,F,34567.0,
,48.0,F,39743.0,1898-12-29
-0.4920540747712957,,F,35044.0,1997-10-02
1.390444459130929,64.0,F,,
,,F,40471.0,1940-02-07
-0.31513372217606317,59.0,F,,2011-04-04
-0.023554806837515842,61.0,M,,
0.3801313608036791,55.0,M,43428.0,1947-03-11
-1.1938784098116222,,,32135.0,2017-06-15
1.63000325384932,,M,42473.0,1956-02-02
-1.1798631763193126,,F,39822.0,1931-07-07
1.0804032084643473,,F,35341.0,1941-09-02
,,,39381.0,
,67.0,M,47726.0,1938-04-05
1.6235606901889619,48.0,,39963.0,1932-07-02
0.832841125427418,50.0,M,43394.0,1967-01-08
0.7540911908566946,49.0,,,1972-11-24
-0.90599187022258,54.0,M,,1973-11-20
0.52948806998002,30.0,F,35457.0,1985-02-22
,,M,42525.0,
,60.0,,,1949-09-27
-0.36506555828455284,,F,42004.0,2019-09-22
-0.24151712461826957,41.0,F,41441.0,1970-09-30
0.5451957925511998,54.0,M,43411.0,1988-08-29
0.46087442115964106,43.0,F,34162.0,
-0.2216281589360928,,F,37847.0,
-0.8967451957614796,44.0,F,40731.0,1984-08-10
,,F,35940.0,1983-12-12
0.4190744072144351,69.0,F,43409.0,
0.44858536384419495,25.0,F,29396.0,1967-09-09
-1.3323014037660839,28.0,,34122.0,1889-09-26
0.6209129013724182,40.0,F,38877.0,1960-08-03
0.3132768222218807,,F,34127.0,1940-01-28
-0.900086131290363,,M,,1972-02-07
,73.0,,,1916-02-03
0.27945595453457606,51.0,,43463.0,2017-04-19
1.1348718131541538,43.0,F,36404.0,
2.062052238658243,17.0,,,
0.38941667316228684,61.0,M,40778.0,1994-04-14
0.33801960520525587,38.0,F,,1937-02-14
0.10222913620162068,52.0,M,40547.0,
-1.2132845206256282,49.0,F,,1948-08-08
-0.5080706695238221,68.0,,42468.0,
-0.9198698931285195,40.0,F,33627.0,1997-05-13
-0.9393637040876154,43.0,F,32718.0,1935-10-15
-1.4430962384895292,40.0,F,,
,51.0,M,41649.0,
,59.0,,,1997-02-10
-0.5864121334535024,39.0,F,29862.0,1974-04-05
-1.0828592707335305,,M,45114.0,1874-04-29
0.21842112699798802,,F,40762.0,1980-06-25
0.8187702851536608,26.0,F,31454.0,
0.26186690504343035,16.0,,26597.0,1961-09-06
-0.9756134702960925,26.0,F,29343.0,1914-01-13
2.147221842183628,,,31951.0,1998-08-27
,48.0,F,39548.0,
1.999031166648257,63.0,F,41227.0,
-0.6629214131778219,53.0,,,
0.7821670931456794,53.0,,,
-0.08465965601786678,49.0,,39169.0,1920-02-12
-1.0512852563651731,30.0,,35723.0,1963-05-05
0.9791510665142921,42.0,,36213.0,1951-05-28
-1.1063248162086814,50.0,,,1957-08-07
,69.0,M,46814.0,1947-03-17
-1.3802254221649322,92.0,M,,1937-06-04
-1.633257647017554,44.0,F,38017.0,1975-10-07
0.3255911750843157,,F,37004.0,2012-07-20
,,F,40159.0,1938-12-06
,59.0,M,,1970-11-25
1.3942679440868628,,F,40775.0,1971-07-14
-0.2006347461081167,,F,,1949-10-25
,39.0,F,38692.0,1999-01-04
-0.2531753726749449,61.0,M,44224.0,2012-02-05
,87.0,M,,
-1.2255913562359226,27.0,F,32258.0,1931-11-01
0.49563127323670547,,M,45135.0,1958-11-21
,88.0,M,51482.0,2000-08-06
0.072807463097145,,M,46265.0,
-2.0057551834164906,70.0,M,51017.0,1949-07-14
0.4775662914912973,,,39180.0,
-0.8275906380667649,44.0,F,38495.0,1984-01-11
0.534453966073114,,F,37530.0,1922-07-05
1.4402549001248706,,F,36585.0,
0.21463378318084472,55.0,M,45024.0,1986-04-29
0.1412081175277347,66.0,M,43393.0,
-0.5591630825820295,50.0,F,40055.0,1943-08-28
1.309361343053714,51.0,M,,
-0.5758265392864722,,M,44572.0,
,44.0,F,37133.0,
0.17356136061326638,19.0,F,28913.0,2015-09-12
-0.7660034528208503,,,40556.0,
-0.3716540169222144,14.0,,32938.0,1946-04-02
0.06621112009511268,45.0,F,41643.0,
1.3909935553008952,40.0,F,35290.0,1960-06-01
-0.8705019565171562,70.0,M,44607.0,1968-07-20
1.135125379628535,41.0,F,36777.0,
-1.0175456922185178,57.0,M,,2020-05-03
,30.0,,33635.0,2004-07-19
-2.0249946457755814,,M,,2014-12-06
,23.0,F,30885.0,1958-03-31
,,F,33245.0,1967-04-05
,39.0,,,1952-10-08
,29.0,,32351.0,1980-01-31
0.1970536983657368,54.0,F,,
1.2072809678349308,,,30385.0,1988-05-15
1.277822783402706,61.0,F,42820.0,1944-08-02
-1.5154216905979145,60.0,M,41855.0,
-0.725410005701252,,F,36645.0,1916-03-18
-0.4006002814764628,46.0,F,39058.0,1991-10-21
2.300200881674042,41.0,,38463.0,1989-02-14
0.755897407095672,,,43870.0,2021-08-26
0.2925210144885794,,M,44063.0,1924-09-07
-0.7151725637738708,48.0,F,39645.0,1965-05-20
2.4122046556346852,50.0,F,37428.0,1981-09-12
-2.9921461167779944,81.0,M,,
,,F,,
,44.0,F,40091.0,1954-04-25
1.0461516935653206,66.0,F,,
-0.030807644527128673,46.0,M,41181.0,1956-04-21
,68.0,M,49432.0,2001-05-27
-1.4597988785592835,63.0,,44193.0,1960-11-01
0.8132374326772652,33.0,F,30946.0,1975-03-11
0.8296290833649297,70.0,M,42881.0,
-0.5496006718291971,54.0,F,40701.0,2019-01-01
,54.0,M,41503.0,1933-06-16
,41.0,F,38035.0,1934-11-19
-1.6048209938985805,53.0,,,1894-06-08
-1.490825609142977,50.0,M,41346.0,1948-09-16
-1.8971059118208862,29.0,F,32724.0,1968-12-15
0.5746700833989754,29.0,F,34094.0,1972-01-21
-1.8597493219607255,34.0,F,35062.0,2002-03-18
0.051092635062619844,49.0,F,37554.0,1919-10-26
,54.0,M,44465.0,1995-02-23
0.676578838529447,,F,36082.0,1967-04-07
-1.6020975540043858,,F,,1956-08-20
1.3251670752816511,39.0,F,,
-0.46269502296006726,39.0,F,,2004-03-08
0.40325390142732975,77.0,,47709.0,
2.0918523492509364,20.0,F,,
0.14783246198496017,56.0,F,41601.0,1958-09-26
1.577780123040364,55.0,F,38916.0,
-0.6072720845824268,45.0,,39223.0,1961-04-15
-0.0006770474450463813,,,,1971-07-17
,57.0,M,44604.0,1977-07-15
-2.378380155456853,47.0,F,,
-0.5870092315686399,60.0,,44470.0,1972-05-07
,47.0,F,36941.0,
,58.0,M,41431.0,2015-06-15
-1.0779542916005207,23.0,,29702.0,1997-04-28
0.21428117508353908,28.0,F,33070.0,
1.65762642260965,36.0,F,38136.0,1921-05-08
,,F,,
-1.223775200839858,40.0,F,,2030-10-03
-0.9441229906254134,39.0,,36362.0,1940-03-05
-0.6108975409909335,,,,2011-11-13
0.27686531965435857,,,38492.0,
0.2189430906362464,50.0,F,,
-0.790833642622994,,F,,2005-12-13
0.5544000552198566,47.0,F,40599.0,1901-04-29
,,,33167.0,2020-04-30
0.5689887987193643,59.0,M,48344.0,1990-03-03
-0.5319754702321917,35.0,,34331.0,1947-07-09
1.7403537449900823,27.0,F,30533.0,1957-09-30
,60.0,F,41491.0,2005-01-16
-0.7792334342217121,,F,42387.0,
,39.0,M,,1945-07-10
-0.52711237650838,60.0,F,44752.0,1996-06-21
0.13844050990269596,68.0,M,,1955-07-23
-1.3421303165849456,56.0,F,,
1.257684730947092,62.0,M,45712.0,
-0.3314517867757829,42.0,F,,1963-03-29
0.680187297846745,59.0,M,41197.0,1968-01-04
0.5045039246491637,66.0,M,47070.0,1949-11-17
0.4360321821031479,57.0,F,,1919-06-02
-0.20694339986603588,58.0,M,44467.0,1949-11-24
0.5936212965756443,,F,33970.0,2005-08-06
1.8302823957789844,18.0,F,25465.0,1952-08-28
1.2806200999133717,68.0,M,48660.0,1985-09-25
,18.0,F,26228.0,1983-01-18
-1.7736573103397208,,M,47007.0,2000-07-14
-0.5600080127834989,,F,,
1.4484499424188322,60.0,F,40851.0,
-1.0894815812349767,1.0,F,26141.0,1988-01-11
,44.0,F,38215.0,1953-02-15
1.6464108540484657,61.0,F,44664.0,1904-12-08
0.5220701407860953,,F,39310.0,2010-10-31
,60.0,M,44871.0,1949-01-04
1.31476449650581,61.0,M,47284.0,
,,F,38079.0,
0.6709428640293635,55.0,F,40085.0,2001-04-25
1.266307646738569,41.0,F,33945.0,1929-10-06
-0.20069628082971885,70.0,M,44668.0,2002-09-05
,63.0,F,40905.0,
1.4177163757735711,50.0,M,42302.0,1966-04-29
,35.0,F,33587.0,
,57.0,M,47398.0,1949-10-18
1.4831953254727026,,M,42734.0,
0.038146709342541274,58.0,M,42438.0,1988-12-11
1.4126443786250458,45.0,F,34176.0,1990-03-07
-1.5613582305840659,28.0,F,32881.0,1970-12-26
,60.0,M,,1981-06-08
-0.3202861792069278,,,,2018-05-09
0.34724268481490106,31.0,F,37425.0,
-1.213501061762363,,F,40861.0,2004-08-03
0.6308358694441679,48.0,M,,1945-11-03
-0.8665595919209632,,F,30195.0,1951-07-08
0.3726050833323231,65.0,M,46298.0,
0.16748971290686057,,F,42974.0,1949-12-24
-1.9876940239537984,,M,45249.0,2007-12-08
1.7994758151284183,59.0,,44400.0,1940-01-18
1.0617301762620421,,F,35699.0,2029-01-06
-0.20955008057523475,21.0,F,31532.0,1948-08-18
0.9237089190687491,,M,,1894-08-23
,69.0,M,,2009-12-06
-0.5001010355995987,54.0,F,41842.0,1934-09-05
,59.0,,42992.0,1979-03-08
0.9928617861936229,63.0,M,45820.0,1997-10-01
-1.3189171453195685,44.0,F,39535.0,2039-03-17
-0.7653219050062916,52.0,F,41518.0,1990-07-20
1.1241372960819196,62.0,F,42818.0,
0.8802343064589454,37.0,,39765.0,
,61.0,F,,1964-04-01
-2.0982493304932714,23.0,F,32888.0,2020-08-28
1.1859465985861777,,F,,
-1.9190904754082012,40.0,F,37779.0,2044-08-19
1.1302589646453476,36.0,F,29788.0,
0.5766897360338507,20.0,F,27784.0,1998-04-05
1.5876592280842403,56.0,M,42372.0,
-0.18077866786646457,48.0,,,
,46.0,M,41235.0,1969-09-17
0.3311041219451943,57.0,F,42223.0,2013-06-27
,61.0,,44054.0,1979-08-23
-0.4426081842284463,36.0,F,35272.0,1992-05-04
-0.09517947895866771,47.0,F,37352.0,1961-07-21
,36.0,F,30311.0,2009-05-15
-0.11194808279582026,,,43640.0,
0.6390771697733403,49.0,F,40910.0,
,,F,,1941-04-01
0.7938692252028858,36.0,F,33874.0,
1.0084500029756684,51.0,F,41634.0,2018-06-20
-0.14294459187084685,41.0,F,,1906-08-23
-0.7313967267331359,,F,41986.0,1919-08-06
,72.0,F,45387.0,2001-08-31
0.799827166450617,43.0,F,,1991-01-19
1.8140132812770613,47.0,F,36068.0,1996-08-03
0.32275746541158135,59.0,F,42789.0,
1.148024931194788,,,46985.0,1957-09-26
1.8164526772049514,38.0,F,,1905-10-07
-1.4841718851145547,54.0,F,41425.0,1976-06-03
,,M,,1990-12-31
,27.0,F,,2013-03-18
-0.44710153560291577,,F,38455.0,1979-12-24
-0.13815443029360666,59.0,M,46619.0,
1.4668740425923996,,F,35810.0,1932-06-10
,74.0,M,45206.0,1950-01-26
2.1901576879506646,57.0,M,44882.0,
,67.0,M,47154.0,1945-04-14
0.7477060224690862,37.0,,,
0.2444618557591621,54.0,F,,
-0.0772933401040134,53.0,M,46049.0,1960-01-05
,49.0,F,33504.0,1971-05-10
,53.0,F,,1998-02-01
-0.557059210935742,27.0,F,29520.0,1959-06-11
-0.44955205054250547,64.0,F,41122.0,1978-07-31
-0.0858544002055362,26.0,F,29986.0,1974-01-07
-1.1437217835421953,66.0,M,44393.0,1938-01-11
-0.42031561024999353,68.0,,,1948-04-27
-0.7944381799678604,37.0,F,30933.0,1960-01-10
-0.19534644556269026,85.0,M,,1957-07-02
0.05022151230846005,32.0,,33419.0,1981-07-19
-1.3979741650094484,,M,47271.0,1965-07-04
,66.0,M,44736.0,2003-10-05
-0.8224564340373088,,,40246.0,
,,F,34740.0,1957-02-07
,,F,38666.0,1893-07-01
0.5167328093180829,79.0,M,50507.0,1999-10-22
0.012204099438875201,,F,,
0.5496230869002549,64.0,,42056.0,1971-05-27
0.2894035020310047,50.0,F,,1993-01-07
-0.23521248656214822,34.0,F,,1994-04-15
0.5439389779874819,45.0,,36979.0,1973-11-09
-0.8132570441226419,36.0,,,1983-10-21
1.0457934384064347,40.0,F,31730.0,
-0.796204250099581,46.0,F,,1932-08-09
-1.6769310759245966,57.0,,,2047-08-04
0.08871012823954284,,,46101.0,2040-01-21
0.3901120176726275,46.0,F,37122.0,
1.0951576692413145,15.0,F,,1904-08-29
0.33020756547359276,39.0,F,38249.0,1943-03-05
-0.8864316257747261,43.0,F,36642.0,2017-12-05
,50.0,,39538.0,1956-07-19
,35.0,F,35679.0,1967-07-27
0.7156079505458356,71.0,M,,1912-05-09
-0.3270783641976177,47.0,F,35220.0,1984-12-11
,,F,41832.0,1959-01-13
2.5966757227256427,,M,45200.0,2007-09-01
,,F,,2011-04-21
1.5141190377548368,68.0,M,49297.0,
,52.0,,38271.0,1967-02-05
,47.0,F,31212.0,1959-08-14
,68.0,M,47081.0,1987-11-14
,,,27716.0,
1.3670918662872378,73.0,,47675.0,
0.6648268923719204,,,42250.0,1965-01-13
0.4955473484009291,,,39461.0,2008-01-08
,26.0,F,30637.0,1983-11-15
2.3870160056000205,65.0,M,,1953-07-26
-1.3189695282057596,41.0,F,,2061-12-30
,62.0,M,45301.0,
,73.0,,51007.0,1966-09-03
0.7510046794108697,,F,,1954-07-05
0.3287976951982661,88.0,M,,2011-06-24
0.7110946704639889,72.0,,47687.0,
,9.0,F,30081.0,1921-12-16
0.3273964210420921,72.0,,45735.0,2024-07-26
-0.07520202012101115,54.0,M,44929.0,1976-05-03
-2.27848719355454,28.0,F,32582.0,1995-04-09
-0.5956281881349473,43.0,F,38055.0,
0.19929086787171457,59.0,F,41709.0,
0.3254867142514625,51.0,M,44186.0,1942-11-23
0.0939620664218907,37.0,,34068.0,2027-08-22
,50.0,,37497.0,
-0.002867400269744494,48.0,F,33954.0,1963-02-25
-0.04407871253473173,50.0,M,46467.0,1985-12-31
,,F,43928.0,1968-05-27
,,M,,1948-06-12
0.32078377594167906,,M,,1930-04-08
1.5378489143902052,32.0,,34332.0,
0.1355478203198593,32.0,,31275.0,1933-09-11
0.32879030851303614,,,50750.0,
-0.5834344032143437,53.0,F,,1916-01-21
0.23263551015681128,48.0,,38796.0,1943-11-03
-0.44241276460555756,67.0,,42565.0,1977-07-25
-0.8724514996159519,,,32523.0,2022-10-08
0.2262646647666275,44.0,F,41126.0,2008-01-08
0.7034869307302407,32.0,F,38362.0,1963-03-02
0.6525716781448122,,F,39932.0,
,,F,43117.0,1945-08-19
0.14479461028100818,49.0,M,44103.0,1957-12-22
-1.1771058896414441,35.0,,32939.0,2022-02-12
0.3190546106277843,45.0,F,37529.0,
0.19485645363861515,74.0,M,,1961-10-16
0.9295138296350075,73.0,M,49102.0,1954-01-23
,62.0,,,1994-07-03
,66.0,,,
1.491411330295551,,M,52842.0,
0.7633830950231052,,,33037.0,
1.5173720190366917,60.0,M,,
-0.2941150854619117,42.0,F,39277.0,
,67.0,,44263.0,
,,,45068.0,
-0.6676650980393413,,F,40582.0,1966-10-04
,86.0,M,,1955-09-28
-0.9103534731129725,63.0,,43243.0,
-0.26151741074955864,,F,,2007-07-07
0.3133583985660355,63.0,M,,1943-11-05
1.279006435165979,39.0,F,,1998-03-07
-0.7980611150429259,,F,,2007-04-02
-1.068818334388121,47.0,F,,1945-04-12
-0.6809384940829326,79.0,,51675.0,1927-03-15
0.3700845062759619,54.0,M,44761.0,1962-10-28
-1.57670664420573,57.0,,42661.0,
-0.8896861952798183,63.0,F,43467.0,
,63.0,M,,1945-04-23
,,F,35266.0,1957-05-11
,60.0,,35987.0,1954-09-29
-1.407534309968545,53.0,M,41131.0,
1.8378883076627173,37.0,F,,1947-02-23
0.33453673813126944,53.0,M,45252.0,1982-10-23
-0.466171653772342,,M,47092.0,2029-02-12
,,M,,
0.21226751197244445,68.0,M,,
0.38369648673034473,63.0,M,47181.0,1947-10-06
,30.0,F,32391.0,1969-01-27
0.4581920514469627,55.0,F,42199.0,1952-08-30
-0.7704012067858858,38.0,F,,1996-11-11
,41.0,,38480.0,
0.15555211605369415,,M,45564.0,1987-06-29
,52.0,F,,1943-09-14
1.2188139190412477,52.0,F,,1941-05-03
1.3324233870837405,,F,28939.0,1975-02-13
0.6368475418551259,45.0,F,,1968-08-04
,45.0,,,
0.1323967304906695,32.0,,32096.0,2005-06-24
-0.3956514484607212,,F,35439.0,1964-12-19
0.27870739256122007,62.0,,45912.0,1895-09-07
-0.10728796259193743,,F,37188.0,1955-11-08
,,F,,1930-05-05
-2.157684889203908,,F,37820.0,
,,F,33947.0,1949-01-18
-3.1386844207803732,61.0,M,43865.0,1949-10-02
1.9425442071886065,70.0,,43406.0,1935-06-20
-1.1559763304247672,,M,48439.0,1983-12-23
,,,37802.0,2005-05-30
-0.8453912090697675,32.0,M,36570.0,
-1.1201839473093036,62.0,M,44270.0,1930-12-17
,42.0,M,,
,,,,1917-10-14
,74.0,M,50843.0,
0.9545068392187077,,M,43950.0,1979-03-02
0.6624740080183148,57.0,M,42779.0,1931-09-12
-0.2882702055128173,,F,,1991-05-17
,73.0,M,46848.0,1993-04-17
0.8187899063868507,50.0,F,38888.0,1928-05-09
,45.0,F,40240.0,
-0.052966315263668844,48.0,M,42032.0,1931-11-02
0.5512178172782269,47.0,F,37379.0,1966-12-03
-0.2603866841605556,54.0,,42740.0,1922-06-11
0.8778315873974856,50.0,F,39718.0,2026-09-30
1.2356102217900122,47.0,,,1991-11-16
-0.9515084077734666,30.0,F,36933.0,1966-01-28
-0.9508242832556297,47.0,F,41847.0,1971-07-17
0.17410972498959787,51.0,F,,1983-10-08
0.20050516493986908,74.0,M,49548.0,2030-12-26
1.8313584637957752,37.0,F,,1933-01-06
1.9667578344973293,48.0,F,,2032-04-20
0.9978716403049662,31.0,,,2016-09-10
0.09006519310487053,45.0,F,41764.0,1972-07-30
-1.1847526538387982,36.0,F,33305.0,1978-12-03
1.6587495188455739,41.0,F,,1957-06-20
2.2780658632655384,34.0,,36538.0,1924-05-21
1.0782806662474635,,,51803.0,
0.908071691637996,40.0,,34870.0,2025-08-05
0.14664878031464668,,F,42525.0,1982-03-07
0.56265569743843,,M,,
-0.7704036151577178,43.0,F,,1998-08-10
-1.7483140396507078,50.0,F,39722.0,
-2.84706745452619,29.0,F,,2026-03-06
0.4976395051563879,65.0,M,45871.0,1987-01-05
-0.06285050654948782,47.0,,,1992-11-03
-0.5053229980759476,51.0,,,1991-11-13
-0.5359353268839476,52.0,F,36550.0,1963-03-29
-0.27790124193080434,57.0,F,36530.0,1928-07-09
,56.0,,45644.0,1925-02-09
,37.0,,36107.0,1951-08-28
0.4757571064796151,,M,48406.0,1904-03-05
,64.0,F,,1974-07-04
2.092836820668578,28.0,F,30037.0,2004-12-12
0.22845595197675525,48.0,F,,2001-09-27
0.4589023174367247,,,43087.0,
0.6711602279075822,57.0,,39460.0,1973-08-15
1.660820326681192,34.0,F,38329.0,
,37.0,F,38594.0,
0.1784616445190126,49.0,,36679.0,1954-01-08
-0.00835551397472281,,M,41199.0,1916-03-17
0.8940002611292595,38.0,,36460.0,1942-05-25
-2.9853221662947274,46.0,,36877.0,
,62.0,M,,
-0.05880943341844726,50.0,M,42322.0,1998-07-30
-0.6565069631236405,80.0,M,49911.0,
-1.4986107977847292,44.0,F,36566.0,2004-02-07
,57.0,F,42497.0,2010-09-16
-0.7040436059866761,,M,42280.0,
1.106137187200903,70.0,M,45928.0,1972-08-18
,41.0,F,,1959-10-05
,53.0,,41135.0,1987-08-25
-0.5562776715458818,77.0,M,48634.0,1993-12-27
,,F,37092.0,1980-12-11
0.17014083879407796,49.0,,36578.0,1995-03-27
0.6223278911445537,,F,,1894-10-27
-0.6308647555774262,,F,44804.0,1944-11-14
0.6795295355070616,54.0,F,39732.0,
1.9662020634265946,55.0,F,37967.0,1921-04-01
0.08815332410395318,48.0,,38311.0,
-2.112798113020669,36.0,F,40738.0,1911-08-22
-0.19772014559161818,31.0,F,34375.0,1950-07-27
,49.0,M,,1979-11-27
-0.4885592392258466,,F,38359.0,1893-07-15
-0.17114512931079492,24.0,F,33033.0,
0.6570354435763288,,F,39245.0,2000-03-30
,42.0,F,42819.0,
0.9733100782570905,17.0,F,28247.0,1980-03-06
0.752088007767446,,,51186.0,1973-09-23
-0.16400487908998532,45.0,F,,
1.3864587407459998,40.0,,37848.0,1991-07-14
-1.1314951711582502,37.0,F,34017.0,1985-03-06
,58.0,M,46021.0,1980-03-28
1.403270762282522,15.0,F,27332.0,1977-04-04
-0.15916337853228113,44.0,F,40545.0,1944-09-01
-0.7948543359454193,,M,49748.0,1972-05-15
1.540196626210494,44.0,F,37016.0,
0.17561807354869532,25.0,F,,2023-06-19
,44.0,,42413.0,1954-04-20
,71.0,F,42294.0,2000-12-27
-1.1674585557396635,27.0,F,31181.0,1960-02-24
,70.0,,41809.0,1970-06-28
2.3750694646896413,42.0,F,35927.0,1924-03-28
0.6942540060800689,,F,34898.0,
-0.08481873838675817,68.0,,42806.0,1985-09-02
1.071004868873763,42.0,F,36345.0,1955-04-22
1.9235942185441512,,F,40360.0,1939-06-18
0.1393912710657151,,F,28901.0,2012-10-27
,41.0,M,40174.0,
-0.65195626998942,33.0,F,35234.0,
-0.5628972590707509,25.0,,32079.0,1974-05-17
1.2783380622056233,45.0,F,38091.0,1957-12-05
-1.163823347336649,65.0,M,42973.0,2020-07-15
,59.0,M,42612.0,
-1.4123372728776686,,,36833.0,
,27.0,F,33447.0,1958-05-30
0.7233459893039813,53.0,F,,1933-02-03
1.4276894678016443,51.0,,38450.0,1956-04-18
0.6204579498191329,41.0,,32794.0,1997-04-07
,,M,,1996-10-29
0.6537489628598412,45.0,F,38374.0,1968-04-20
,61.0,M,46927.0,1946-11-10
0.04132709819732996,61.0,F,44790.0,
,,F,26452.0,
0.9387982269575713,60.0,,45579.0,
,57.0,,42024.0,1923-11-26
,,M,49309.0,
,35.0,,34382.0,1974-03-02
0.03174200500877712,61.0,M,43022.0,
0.36143889344685254,44.0,F,,1929-03-31
,,,,1949-01-03
-0.6789240009851099,54.0,,42043.0,1953-05-26
1.7123565957206162,,F,,1945-04-22
0.25052037581949393,52.0,,39063.0,1953-03-23
-0.09932842655462054,,F,40953.0,1975-07-31
-0.7481476797683609,,F,33440.0,2017-09-12
,82.0,M,52946.0,
-1.5146685545161311,30.0,,34455.0,
-0.06127227104090581,64.0,M,,1868-10-20
-0.2694986704539104,54.0,F,,2003-01-13
0.180373450031087,75.0,,,
0.14762946632495422,28.0,F,,2020-03-24
-0.626464033439073,72.0,,46580.0,1982-06-04
-0.7801752665903079,64.0,F,41895.0,1983-12-01
,50.0,F,,1962-01-30
-0.14915203524865306,37.0,F,,
-0.5120861634865583,55.0,F,38806.0,
-0.33095354947487865,52.0,F,,
-0.43543342990962963,34.0,F,34548.0,2009-08-28
-0.41019446391811865,,F,42333.0,1993-08-01
1.8046612915915505,41.0,F,33423.0,1936-07-16
0.03054678180230389,47.0,,,1938-12-16
,51.0,F,40679.0,1984-04-28
0.18993107219498986,,M,50346.0,1943-10-11
-0.5986658682574924,28.0,F,32182.0,
0.5673482774359829,57.0,,45274.0,
0.34554762114339993,50.0,F,42499.0,1984-10-18
1.5178179151958477,42.0,F,37317.0,1997-08-25
-1.5341320148992181,69.0,M,50617.0,1958-06-17
-0.8437572777792615,12.0,,,1979-01-24
0.7263578818930997,65.0,M,42630.0,
1.286571056902417,26.0,F,31548.0,
-0.7188201825040057,64.0,M,47055.0,1925-12-20
1.2516294754657078,43.0,F,36958.0,2020-04-24
0.5169512504710927,44.0,F,37685.0,
,57.0,,,1970-04-11
,29.0,F,35118.0,1937-11-01
-1.3429455230259717,51.0,F,38535.0,
1.6935651353949088,41.0,F,41337.0,1968-01-26
0.3859489280261777,69.0,M,43836.0,1994-10-09
-0.2894780770605363,49.0,F,,1984-10-08
1.3308265591222843,20.0,F,26722.0,1969-06-16
0.9358628495176241,,M,44424.0,1955-01-21
-0.19345512955668367,32.0,F,34495.0,1966-04-19
,47.0,F,39038.0,1952-12-20
-0.26712246296666253,19.0,F,29803.0,1984-10-16
-0.32758019699130775,55.0,M,,1991-11-14
,48.0,F,35690.0,
-0.9169913667772874,31.0,F,30556.0,1973-12-11
0.5050861122965908,24.0,,34415.0,1966-04-08
1.176122550373694,40.0,,32605.0,
,,F,,1985-05-26
,61.0,M,,1938-02-28
-1.2999316127923106,49.0,F,40862.0,1969-03-20
-2.065646571458696,49.0,F,34529.0,1995-11-08
0.3402206490655719,44.0,F,35867.0,
0.2112827610939317,81.0,M,45563.0,
-0.29790496032519675,26.0,F,29047.0,
-1.6643085818812051,,,43311.0,1962-04-12
,54.0,M,41800.0,2006-10-24
1.5934069294675983,75.0,M,,2003-08-22
0.8290267582055745,,F,36767.0,
,39.0,,39829.0,
-0.3840745199130957,,F,39395.0,1968-07-14
-0.8383435980579095,57.0,F,41188.0,1944-02-08
0.7397900489153932,56.0,,44131.0,2016-05-09
0.767195068846969,71.0,,47881.0,
-0.2518124357371744,46.0,F,33954.0,1928-08-06
-0.09458561253585043,35.0,,35917.0,1960-07-28
0.8245715557347963,,F,42622.0,1944-08-14
0.328187780481799,,F,,
,87.0,M,54340.0,1997-12-23
-0.8614848807884015,58.0,F,42240.0,1982-01-16
,58.0,F,41749.0,1975-06-21
,33.0,F,33292.0,1939-05-05
,37.0,F,37870.0,
,27.0,,,1973-08-25
,55.0,M,43816.0,
0.4296577605371394,20.0,F,27005.0,
1.800833054005217,31.0,F,30402.0,1982-08-09
1.181954470140063,56.0,M,46156.0,1935-06-07
0.8588921019490915,43.0,F,35255.0,1977-09-22
-0.043687024193062446,,M,47711.0,
0.14815532806542914,45.0,M,,1943-06-28
,,,41250.0,
-0.43635773780592635,,F,,
,60.0,,43074.0,1953-10-16
0.5950044654810095,38.0,,,1968-06-02
0.5115933998107371,,F,39415.0,1971-07-25
1.3560942495965773,58.0,F,42223.0,1985-10-27
-0.40116210723754225,49.0,F,,1954-05-11
-0.4341419655465313,,F,41592.0,2001-06-04
,,,41533.0,1988-02-10
-0.8077369340384153,29.0,,30438.0,
0.8506020321611835,32.0,F,33018.0,
-0.7806809426303811,,F,38639.0,1963-05-15
0.9324618442325728,25.0,F,28854.0,1972-11-11
-0.33640180487730925,41.0,,41942.0,1996-07-03
-0.055947189981672106,78.0,M,50932.0,
-0.5625603412542972,44.0,F,,1975-03-05
0.3766995194132314,72.0,M,,1971-04-27
,,M,47448.0,1964-10-08
,28.0,F,35386.0,
,45.0,,37335.0,1950-03-10
-0.915292741372189,27.0,F,31825.0,1974-03-22
0.023610935456439868,,F,,
-0.6854497558971709,51.0,F,35987.0,1942-07-11
0.48606235337240533,,F,,1973-09-24
,,,39962.0,1929-04-05
,83.0,M,54055.0,2005-02-26
0.3694640530155975,54.0,F,39189.0,1989-11-29
-0.03429325484679057,66.0,M,,
-0.7052585434922685,38.0,F,36186.0,2038-03-03
0.6016165611800497,,F,,
-0.24277680320046366,40.0,F,32225.0,1970-04-29
1.919095124407927,,M,44919.0,1999-08-05
0.6713116290229106,53.0,,39322.0,2019-09-21
,54.0,M,38569.0,1974-02-17
,44.0,F,34243.0,
0.18033741572534098,49.0,F,37047.0,1969-02-13
1.3671211280454654,47.0,F,37373.0,1984-10-17
-0.2473980769817211,,F,,1938-10-04
1.0217342369353435,54.0,F,38799.0,
0.5344125733495158,62.0,,45643.0,1988-02-27
,61.0,M,,1972-12-18
1.205424510508705,45.0,F,39279.0,1980-07-31
1.5608982478074562,,,34591.0,1953-08-08
0.10179524599543634,,,,2012-02-07
0.2961144811786737,45.0,F,41660.0,1987-07-15
,,F,34145.0,1978-05-25
-1.005547776910046,,,41475.0,1990-04-09
-0.29844279293605847,,,45124.0,1921-11-16
0.31086057924162946,69.0,M,49389.0,1915-11-25
-1.3353216320101418,34.0,F,38954.0,
,43.0,F,,1983-12-14
0.36248640372635804,50.0,,39012.0,1977-10-02
,,,39722.0,2004-06-13
-0.7515665509876535,59.0,F,,1907-10-06
-0.21547585796915314,58.0,F,41534.0,1949-01-23
-1.3087694514373378,34.0,F,,
,,,41574.0,
0.5248913247958564,36.0,F,,1962-04-14
,67.0,M,42655.0,2000-09-13
-0.23222783226452753,46.0,F,34862.0,1968-10-15
1.2957241699232385,41.0,F,35788.0,1945-05-22
0.20313214059070345,,F,38171.0,2013-10-21
-0.3411929829194779,50.0,,,
0.4968530063815116,30.0,,31290.0,2015-12-24
-1.3457792424135748,34.0,F,40715.0,1952-03-07
-0.7184927390594442,61.0,M,,1959-06-15
1.5518541051598438,58.0,M,39106.0,
-2.244561794326277,25.0,F,,1992-11-01
,60.0,M,46671.0,1948-12-10
0.8502592911121074,56.0,F,40687.0,
-1.5839402437230794,,,,1921-11-25
1.2214456358047343,45.0,F,38958.0,1976-01-02
0.9335748264402324,74.0,M,47032.0,1962-06-04
-0.5014245142491129,,,35581.0,
1.1474077522092605,47.0,,41268.0,1977-10-11
0.5284149273114989,38.0,F,37492.0,1993-10-07
-1.2701807972294958,27.0,F,30211.0,2018-09-25
0.016294610473140157,57.0,,42901.0,
-0.08858826158970999,56.0,M,44841.0,1974-08-02
-1.7093268288792514,,M,51676.0,1998-03-24
-0.45410509760759143,,F,35365.0,1948-01-24
,,F,40048.0,1924-06-03
0.5106389956956335,,F,37058.0,
-0.05494438081621186,,M,50084.0,
,,M,47100.0,2049-03-17
0.3723405191311421,39.0,F,35392.0,1955-08-12
-1.5845754888550447,,F,,2033-09-28
-0.05530386935134497,,F,35969.0,
0.1447026558143797,55.0,F,36358.0,
-0.007113991120510807,33.0,F,32262.0,1958-10-05
-0.6248904450104588,47.0,F,,1937-12-21
-0.08561309828357978,68.0,M,47841.0,1942-11-17
0.5399583812454261,55.0,M,45401.0,1928-02-10
,58.0,M,44833.0,1976-12-25
-0.5978450996700247,48.0,F,,1900-03-27
-0.48633133454415645,60.0,F,,1973-02-27
-0.1691781932877591,64.0,F,,2014-03-02
1.4937592286780466,53.0,,41730.0,1976-11-17
1.9268507837695832,49.0,F,37205.0,1988-10-25
-0.15912927708990116,,F,37042.0,1935-05-12
-0.31255514085645497,,F,28681.0,
,42.0,F,37688.0,1958-11-17
-0.03031868097019967,59.0,M,45539.0,1996-11-13
-0.7608838696355373,61.0,M,46712.0,1975-07-01
0.12585848011693554,43.0,F,,
0.5885118596145738,52.0,F,38294.0,
1.2556785553148337,63.0,F,42127.0,1951-12-21
0.5157534191835578,54.0,M,,
,,,39955.0,1999-04-09
1.4695297987880147,50.0,F,,2015-08-05
0.8995555324722165,69.0,F,,1959-07-07
,57.0,M,,1976-09-14
0.42501456338626403,84.0,M,57483.0,1927-08-09
-0.6364405725811942,71.0,M,53820.0,
-1.3113452086208213,,F,38888.0,1985-08-22
0.84744585106076,60.0,F,,1890-12-26
-0.9450088373384987,46.0,F,36792.0,1981-01-06
0.037768943359086316,33.0,F,33077.0,
-0.9025348387933011,46.0,,41725.0,1957-08-03
,35.0,F,,1958-08-18
1.1290527361279485,26.0,F,28921.0,1974-03-06
-0.3152680173110733,44.0,F,33267.0,1972-04-24
,67.0,,42086.0,1974-10-29
-0.24788377109038448,59.0,F,41819.0,1973-09-09
-0.5732033565216457,,F,33615.0,1964-02-22
,57.0,,41978.0,2018-06-27
3.1097204023060434,52.0,M,42069.0,2028-12-24
0.5953069793914836,42.0,M,41833.0,
1.4346685000050687,40.0,F,41682.0,1948-03-03
-0.24414963717661065,48.0,F,41112.0,
-0.834653070786347,48.0,F,39951.0,1909-11-06
0.9889214072985293,58.0,F,45075.0,1959-11-17
-0.06940564101842671,42.0,,39408.0,1957-09-05
0.6563544420007827,46.0,F,,1986-06-25
0.6363028620034294,,M,43359.0,1976-09-07
-0.891362568653026,42.0,F,36044.0,1993-02-04
,,M,48778.0,1976-07-11
-1.3785464104544987,49.0,,,
0.47818675854473064,60.0,F,,2015-08-18
0.16798342510944794,52.0,F,,1956-03-06
-0.047842813160904926,47.0,F,40645.0,
,,M,,1996-04-02
,63.0,M,44963.0,1918-08-14
-0.3441048457823193,46.0,,,1918-09-29
2.574593348358762,,F,32159.0,1926-11-08
,64.0,M,42247.0,2006-02-24
-0.030340088618408683,62.0,M,44116.0,1935-09-12
,52.0,F,41629.0,1969-06-12
-1.0300202045420013,,,45706.0,
0.3354913429355707,61.0,M,,
0.300268535860715,46.0,,,1986-04-25
2.057766875136152,60.0,F,40944.0,2029-07-15
,39.0,F,39179.0,1991-02-21
0.343435747391099,,,,1979-03-12
-0.30597131305386754,55.0,,,2018-08-11
0.11861191428377553,89.0,M,57193.0,
0.4101937532639603,61.0,,42174.0,1989-09-26
0.8256296198386439,41.0,F,37827.0,1959-01-02
0.09720435840604723,39.0,F,35728.0,
-1.5223791099969206,50.0,F,42279.0,1999-11-15
,56.0,,47978.0,2003-04-06
,56.0,,41242.0,
-0.04634668136322598,33.0,,35042.0,1937-08-25
,26.0,F,28646.0,1962-09-05
,62.0,,,1958-09-01
0.7610364696851554,77.0,M,50397.0,
-0.5460293479678597,58.0,F,42497.0,
1.9583546372291583,,F,36029.0,
0.1019794960998737,,M,47190.0,2019-07-23
-1.111092954586943,50.0,,40165.0,2001-11-03
0.49300555252312167,,F,,
-0.8802613316590902,57.0,,41690.0,1974-02-22
,41.0,F,,
,48.0,F,36775.0,1952-02-05
0.6352530259171288,31.0,,,1978-07-18
,30.0,,30968.0,
-1.3903181704216305,70.0,M,42822.0,1969-07-13
-0.28309269909957707,63.0,F,42917.0,1982-12-31
0.038931130826819156,75.0,M,49659.0,1938-04-10
1.2049320412999036,70.0,M,44116.0,1939-11-10
-0.5203146110086133,33.0,,,
0.08493383146824283,,,37396.0,1976-09-09
,46.0,M,42249.0,1961-07-16
,93.0,M,,1931-08-20
,42.0,M,,1979-11-26
-1.4284336704809968,41.0,F,36684.0,1922-12-02
0.06469153404982257,,,31413.0,2009-08-17
0.21919087339146734,37.0,F,37139.0,1912-02-18
-1.6584735887303212,30.0,F,30590.0,2023-11-26
1.0462513361046737,64.0,M,45978.0,1975-10-15
0.3571833179392264,44.0,F,39551.0,
,68.0,M,51411.0,
-1.1450011358259327,50.0,,,
0.6815912574899144,51.0,,41542.0,
,,,40905.0,1992-06-04
,,M,48812.0,1967-08-09
0.3799198268537793,53.0,F,35442.0,
0.2939172247380014,53.0,F,,
-2.2599123018597442,,F,,1962-06-02
,,F,,2043-01-22
-0.5923732573414445,,F,38855.0,1938-01-03
0.8892119071626687,,F,36316.0,1967-08-16
0.9101703711801703,52.0,M,42476.0,1992-12-01
-0.5599687478892915,42.0,F,,1931-04-11
,50.0,F,39146.0,1963-07-02
1.254245711419731,31.0,,35086.0,1925-06-21
-1.5799790450604099,51.0,F,41785.0,1970-06-08
-1.009877808672799,36.0,F,32991.0,1962-12-16
-0.039833587079147185,,F,33817.0,
,,,31049.0,
0.11534661442185971,37.0,,30533.0,1994-04-18
0.2378538628624747,,M,44101.0,1929-04-11
0.4271285146525436,52.0,F,41187.0,1950-08-13
0.00375587300240742,54.0,,,1952-07-21
-0.4595650243665013,57.0,M,,1985-07-06
,73.0,,45429.0,1912-12-12
-0.4358895777237071,71.0,M,44690.0,1965-12-03
0.7801499300288546,,F,31488.0,1939-07-17
-0.03522359522667155,,F,39011.0,1965-06-12
-0.8281426985346071,58.0,F,42741.0,
1.2482563725940825,57.0,,,1974-10-24
,61.0,F,38341.0,
1.1124447229173553,39.0,F,33712.0,1975-09-14
-0.551226684507103,31.0,,,1959-10-20
,,,,
,50.0,F,,1932-03-15
,,F,34736.0,1966-10-05
1.143891020780339,,M,46269.0,1998-06-02
1.334001496384469,47.0,F,40446.0,1995-06-09
-0.42429947620441855,67.0,M,43904.0,1877-02-19
-0.5162775263973963,51.0,F,38321.0,1993-04-15
,47.0,F,38469.0,2010-03-16
-0.43382477402575514,,F,37609.0,1993-05-31
0.905978539965667,51.0,M,43095.0,1982-07-12
-0.5399092251311199,,F,,1994-10-23
-1.4185039814252827,28.0,,30709.0,1942-03-06
-0.2563752559540283,46.0,,36892.0,1984-08-19
,26.0,F,36837.0,1941-10-12
1.1541827036030317,46.0,,41468.0,1989-06-25
-0.26068439699544954,46.0,F,34790.0,1967-09-02
,,F,,2035-05-15
,,M,52512.0,
,,F,39370.0,
-0.9707910029884091,46.0,F,43550.0,1997-08-28
-0.5720246379719102,56.0,F,41887.0,2013-07-20
,,M,46645.0,
0.9977540554276059,68.0,M,46266.0,1960-02-24
0.3781863145401575,52.0,F,,1938-08-29
,45.0,M,,1990-08-16
-0.7138292864508886,24.0,F,31638.0,1981-08-23
-0.4046190807245028,41.0,F,,2003-02-08
0.47525601643779813,42.0,,,
-1.4393315595706933,39.0,F,35079.0,
0.0356469365074081,56.0,M,46377.0,1990-03-23
0.9594919166902786,75.0,M,47418.0,1980-07-10
,59.0,F,43229.0,1990-04-22
-0.6346306324165323,80.0,M,52414.0,1980-10-30
-0.10742075797148412,74.0,,45724.0,1917-10-06
,43.0,M,40364.0,1960-06-30
0.3363321955982375,41.0,F,38516.0,
0.17771199925921277,33.0,F,,
,78.0,M,51035.0,2045-09-26
-0.29149410599546205,37.0,,41549.0,2003-05-15
-0.4792392269043191,,F,34631.0,2028-04-19
0.5225044935956256,62.0,F,,1997-02-05
-0.06192073647263001,52.0,F,38506.0,1951-11-28
-1.9729424927225578,42.0,F,34800.0,
-1.2336770834775634,52.0,M,42834.0,1928-10-05
-0.19463804083716257,56.0,M,,
1.8332541058241223,34.0,,,1954-09-17
0.6028194175710558,,M,43377.0,1944-04-15
0.6146877623442296,45.0,F,41738.0,
0.9422457575150719,59.0,,41913.0,1981-08-13
-0.30743299852499106,,F,38906.0,2017-04-17
0.5058207536822122,35.0,F,31195.0,2049-05-03
-0.1192000869410559,,M,,1933-05-18
-1.9618947209970004,49.0,,39517.0,1996-10-27
-1.2466530113286873,57.0,F,40558.0,1931-06-23
0.6795534219738175,,,40722.0,
,,,35187.0,
,45.0,F,37649.0,
-1.7072094944874374,,M,45295.0,1942-08-23
0.5210755278656797,,M,45604.0,1908-09-24
-0.3270686506469086,46.0,,36464.0,1976-09-10
1.294247252155657,,M,47436.0,1983-04-12
0.28834611102770974,44.0,M,41949.0,1950-01-30
-0.9815042583078418,,,38592.0,2004-07-07
0.6301136487005943,59.0,M,43219.0,1990-06-02
-0.545208654341797,,F,,2004-07-31
-1.0263198662229132,40.0,F,41497.0,
,65.0,M,,1970-12-25
,,F,39202.0,2006-01-04
-0.17186948591147788,,F,33414.0,2011-11-07
-0.8153497082016005,28.0,F,32213.0,
-0.6259047597994062,40.0,F,,1972-03-22
0.4044637898305445,64.0,M,46836.0,2000-01-17
,46.0,F,38621.0,
0.8714088440626954,42.0,F,42558.0,1971-06-08
0.4612159596422899,,,34478.0,1921-08-26
-0.2036900460056549,35.0,F,36675.0,1956-12-28
-0.1086350725015979,,F,,2008-08-06
0.5564761548559528,51.0,M,42332.0,1961-04-10
,69.0,M,44447.0,2010-04-11
-0.29397086698204344,,,30851.0,1980-06-13
0.17552912530879652,37.0,,39276.0,2011-07-21
-0.08176411317272395,,F,,2019-02-22
,65.0,M,43643.0,2006-06-18
0.9378994619556427,74.0,M,51019.0,
2.126052792781282,,F,38017.0,
-0.505058457024709,,,39856.0,1981-06-21
-0.009870392690996996,,,,2014-01-21
0.8211506253970676,,M,41843.0,1946-05-30
0.6371137613375479,50.0,F,,1923-01-23
,15.0,F,25557.0,1953-05-18
-0.1520992194110548,44.0,F,35994.0,1984-07-31
0.44157872749157623,26.0,,,1960-06-02
0.9963245249748427,46.0,,40799.0,1957-10-21
0.4493814489259344,60.0,F,,
0.6422142745737659,33.0,F,34454.0,2009-07-02
0.20254110606743944,73.0,M,,2008-06-23
1.0157724459322102,57.0,,36537.0,
-0.49845570824798835,68.0,M,47680.0,
1.0407388117598537,53.0,M,,
-0.2703433285906684,42.0,F,40286.0,1987-03-20
,38.0,,31206.0,
-0.08793491862442723,55.0,F,39390.0,1999-09-25
-0.6474347732851243,,M,49127.0,
0.41567087272122744,77.0,M,50129.0,1985-08-19
,44.0,,36609.0,2010-03-10
2.145054555500828,,F,42421.0,
-2.102427056340908,,F,23102.0,1951-01-22
,64.0,F,43790.0,1982-09-29
-1.0015066930034418,33.0,F,32568.0,1976-07-02
2.07756096043999,99.0,M,52925.0,1923-04-19
1.3806180475550316,65.0,,44311.0,1970-01-17
,56.0,,39321.0,
0.3475357927903834,53.0,M,42449.0,1970-08-06
0.3972357894828038,,F,38569.0,
-1.0796715678245707,34.0,F,33725.0,1980-10-27
1.240729572601154,44.0,F,39386.0,
1.9041137128343462,60.0,,46858.0,1986-12-01
-0.6470974578960719,45.0,,42445.0,
1.7697659170755602,68.0,,47505.0,2002-02-07
2.028314585119816,71.0,M,46245.0,1948-06-05
,56.0,,39899.0,1950-09-03
,68.0,,42859.0,1932-06-14
-1.8972554719855326,67.0,F,,2031-09-14
0.5902702507786214,41.0,F,35539.0,
,40.0,F,36446.0,1972-07-30
-0.7130918242173719,,F,34826.0,
